"circ_id","gene_ids","gene_names","label","chr","start","end","strand","sample_A","sample_B"
"CFLAR:13625-33731:+","CFLAR_ENSG00000003402|CFLAR_ENSG00000238829","CFLAR|RNU7-45P","exonic|intergenic_spanning_gene","CFLAR",13625,33731,"+",0,5102.04081632653
"CFLAR:29274-33731:+","CFLAR_ENSG00000003402","CFLAR","exonic","CFLAR",29274,33731,"+",467625,246335.550794904
"CFLAR:44328-47980:+","CFLAR_ENSG00000003402","CFLAR","exonic","CFLAR",44328,47980,"+",0,5524.86187845304
"HIPK3:29741-30839:+","HIPK3_ENSG00000110422","HIPK3","exonic","HIPK3",29741,30839,"+",305803.571428571,721360.920058631
"HIPK3:29741-71961:+","HIPK3_ENSG00000110422","HIPK3","exonic","HIPK3",29741,71961,"+",0,13217.1695707607
